question,answer
Are there any movement restrictions for unvaccinated travellers in Dubai?,No answer found.
Is it safe to travel to Dubai?,No answer found.
What are the international travel requirements when travelling to Dubai?,No answer found.
Do I need travel insurance when coming to Dubai?,No answer found.
What are the procedures to follow ahead of travelling to Dubai?,No answer found.
Do I need a COVID-19 test when travelling to Dubai?,No answer found.
Are transit travellers required to follow the same procedures related to conducting Covid-19 PCR tests?,No answer found.
What are the procedures when departing from Dubai?,No answer found.
Do I have to wear a mask during my holiday in Dubai?,No answer found.
Do tourists have to pay for the treatment and quarantine stay in a hotel if they show symptoms and/or require a second test and the test is positive?,No answer found.
"Do I need a visa and if yes, how do I apply?",No answer found.
Are the Emirates airline flight routes fully restored?,No answer found.
